{
  "urls": [
    "ch5.mp3",
    "ch5.ogg",
    "ch5.m4a"
  ],
  "sprite": {
    "silence": [
      0,
      1000,
      true
    ],
    "WinningNumberSelect2": [
      1050,
      1706.0770975056687
    ],
    "YourNumberSelect3": [
      3099.9999999999995,
      1004.3990929705213
    ]
  }
}