{
  "urls": [
    "ch1.mp3",
    "ch1.ogg",
    "ch1.m4a"
  ],
  "sprite": {
    "silence": [
      0,
      1000,
      true
    ],
    "BetDown": [
      1050,
      1053.1065759637188
    ],
    "Match": [
      3100,
      2202.902494331066
    ],
    "MusicTermLose": [
      6150,
      4761.700680272108
    ],
    "MusicTermWin": [
      11200,
      4503.333333333334
    ]
  }
}