{
  "urls": [
    "ch2.mp3",
    "ch2.ogg",
    "ch2.m4a"
  ],
  "sprite": {
    "silence": [
      0,
      1000,
      true
    ],
    "BetUp": [
      1050,
      999.546485260771
    ],
    "BonusNoWin": [
      2100,
      1572.6303854875282
    ],
    "BonusWin": [
      4150,
      1725.8049886621318
    ]
  }
}