{
  "urls": [
    "ch4.mp3",
    "ch4.ogg",
    "ch4.m4a"
  ],
  "sprite": {
    "silence": [
      0,
      1000,
      true
    ],
    "Click": [
      1050,
      260.45351473922904
    ],
    "YourNumberSelect": [
      2100,
      999.4331065759638
    ]
  }
}