{
  "urls": [
    "ch3.mp3",
    "ch3.ogg",
    "ch3.m4a"
  ],
  "sprite": {
    "silence": [
      0,
      1000,
      true
    ],
    "BetMax": [
      1050,
      1445.7823129251703
    ],
    "WinningNumberSelect": [
      3100.0000000000005,
      1851.8594104308388
    ],
    "YourNumberSelect2": [
      5150,
      1008.3219954648523
    ]
  }
}